{
  "accuracy": 0.5889288187026978,
  "loss": 1.0496151447296143,
  "val_accuracy": 0.5449647903442383,
  "val_loss": 1.1578909158706665,
  "epoch": 9,
  "global_step": 3400
}