{
  "accuracy": 0.5901722311973572,
  "loss": 1.0588133335113525,
  "val_accuracy": 0.5491089820861816,
  "val_loss": 1.171810507774353,
  "epoch": 7,
  "global_step": 2720
}